Segment,Customer_ID,Monetary,Frequency,Recency
High Value,355,324129.6548350801,8.12394366197183,23.91267605633803
Low Value,913,299389.39490307047,3.23986856516977,125.69769989047097
Medium Value,718,455151.92973719706,5.79108635097493,54.06406685236769
